use BDVentas
go

--Tabla Cliente 
insert into TCliente values('C0001','Perez Quispe','Juan','AV.28 de Julio 168')
insert into TCliente values('C0002','Salazar Magariño','Jose','AV.Los Faisanes 180')
insert into TCliente values('C0003','Dominguez Rodriguez','Sabrina','AV.Guardia civil 171')
insert into TCliente values('C0004','Alveda Villar','Mariela','AV.Huylas 120')
insert into TCliente values('C0005','Hurtado Espinoza','Monica','AV.Las Gaviotas 145')
insert into TCliente values('C0006','Rojas Molina','Oscar','AV.Los Manzanales 854')
insert into TCliente values('C0007','Alcala Muñoz','Pedro','Jr.Los Palcos 192')
insert into TCliente values('C0008','Zamudio Arriola','Mario','Jr.13 de Agosto 689')
insert into TCliente values('C0009','Avila Estrada','Alejandro','Jr.13 de Agosto 189')
insert into TCliente values('C0010','Palomino Jimenez','Micaela','Jr.13 de Agosto 169')
go
SELECT * FROM TCliente

--Tabla TVendedor
insert into TVendedor values('V0001','Salazar Bautista','Sonia')
insert into TVendedor values('V0002','Mendoza Prada','Pamela')
insert into TVendedor values('V0003','Aguilar Carvajal ','Jorge')
insert into TVendedor values('V0004','Barragán Figueroa','Alonso')
insert into TVendedor values('V0005','Garrido Llano','Luis')
insert into TVendedor values('V0006','Lara Pardo','Leo')
insert into TVendedor values('V0007','Madrigal Oliver ','Arturo')
insert into TVendedor values('V0008','Paredes Prada','Rodolfo')
insert into TVendedor values('V0009','Vidal Pastor','Renzo')
insert into TVendedor values('V0010','Zurita Prada','Miguel')
go
SELECT * FROM TVendedor

--Tabla TCategoria
insert into TCategoria values('CA001','Frutas','CA001')
insert into TCategoria values('CA002','Lacteos','CA002')
insert into TCategoria values('CA003','Calzado','CA003')
insert into TCategoria values('CA004','Calzado','CA004')
insert into TCategoria values('CA005','Lacteos','CA005')
insert into TCategoria values('CA006','Bebidas','CA006')
insert into TCategoria values('CA007','Pastas','CA007')
insert into TCategoria values('CA008','Menestras','CA008')
insert into TCategoria values('CA009','Embutidos','CA009')
insert into TCategoria values('CA010','Embutidos','CA010')
insert into TCategoria values('CA011','Ferreteria','CA011')
insert into TCategoria values('CA012','Pintura','CA012')
insert into TCategoria values('CA013','Legumbres','CA013')
insert into TCategoria values('CA014','Accesorios','CA014')
insert into TCategoria values('CA015','Belleza','CA015')
insert into TCategoria values('CA016','Optica','CA016')
insert into TCategoria values('CA017','Panaderia','CA017')
insert into TCategoria values('CA018','Muebles','CA018')
insert into TCategoria values('CA019','Farmacia','CA019')
insert into TCategoria values('CA020','Electrodomesticos','CA020')
insert into TCategoria values('CA021','Floreria','CA021')
insert into TCategoria values('CA022','Perfumeria','CA022')
insert into TCategoria values('CA023','Utensilios de cocina','CA023')
insert into TCategoria values('CA024','Utensilios de aseo','CA024')
insert into TCategoria values('CA025','Verduras','CA025')
insert into TCategoria values('CA026','Frutas','CA026')
insert into TCategoria values('CA027','Golosinas','CA027')
insert into TCategoria values('CA028','Perfumeria','CA028')
insert into TCategoria values('CA029','Utiles escolares','CA029')
insert into TCategoria values('CA030','Calzado','CA030')
insert into TCategoria values('CA031','Ropa inerior','CA031')
insert into TCategoria values('CA032','Carnes','CA032')
insert into TCategoria values('CA033','Utensilios de cocina','CA033')
insert into TCategoria values('CA034','Cereales','CA034')
insert into TCategoria values('CA035','Menestras','CA035')
insert into TCategoria values('CA036','Lacteos','CA036')
insert into TCategoria values('CA037','Licores','CA037')
insert into TCategoria values('CA038','Embutidos','CA038')
insert into TCategoria values('CA039','Bebidas','CA039')
insert into TCategoria values('CA040','Pastas ','CA040')
go

SELECT * FROM TCategoria

--Tabla TBoleta
SET DATEFORMAT DMY
GO
insert into TBoleta values('1','15/07/2015','C0001','V0001','1')
insert into TBoleta values('2','15/07/2015','C0002','V0002','1')
insert into TBoleta values('3','15/07/2015','C0003','V0003','1')
insert into TBoleta values('4','15/07/2015','C0004','V0004','1')
insert into TBoleta values('5','15/07/2015','C0005','V0005','1')
insert into TBoleta values('6','15/07/2015','C0006','V0006','1')
insert into TBoleta values('7','15/07/2015','C0007','V0007','2')
insert into TBoleta values('8','15/07/2015','C0008','V0008','2')
insert into TBoleta values('9','15/07/2015','C0009','V0009','2')
insert into TBoleta values('10','15/07/2015','C0010','V0010','1')
insert into TBoleta values('11','15/07/2015','C0001','V0001','1')
insert into TBoleta values('12','15/07/2015','C0002','V0002','1')
insert into TBoleta values('13','15/07/2015','C0003','V0003','1')
insert into TBoleta values('14','15/07/2015','C0004','V0004','1')
insert into TBoleta values('15','15/07/2015','C0005','V0005','1')
insert into TBoleta values('16','15/07/2015','C0006','V0006','2')
insert into TBoleta values('17','15/07/2015','C0007','V0007','1')
insert into TBoleta values('18','15/07/2015','C0008','V0008','2')
insert into TBoleta values('19','15/07/2015','C0009','V0009','1')
insert into TBoleta values('20','15/07/2015','C0010','V0010','1')
insert into TBoleta values('21','15/07/2015','C0001','V0001','1')
insert into TBoleta values('22','15/07/2015','C0002','V0002','1')
insert into TBoleta values('23','15/07/2015','C0003','V0003','1')
insert into TBoleta values('24','15/07/2015','C0004','V0004','1')
insert into TBoleta values('25','15/07/2015','C0005','V0005','1')
insert into TBoleta values('26','15/07/2015','C0006','V0006','1')
insert into TBoleta values('27','15/07/2015','C0007','V0007','1')
insert into TBoleta values('28','15/07/2015','C0008','V0001','1')
insert into TBoleta values('29','15/07/2015','C0009','V0001','2')
insert into TBoleta values('30','15/07/2015','C0010','V0001','1')
insert into TBoleta values('31','15/07/2015','C0001','V0001','1')
insert into TBoleta values('32','15/07/2015','C0002','V0002','1')
insert into TBoleta values('33','15/07/2015','C0003','V0003','2')
insert into TBoleta values('34','15/07/2015','C0004','V0004','1')
insert into TBoleta values('35','15/07/2015','C0005','V0005','1')
insert into TBoleta values('36','15/07/2015','C0006','V0006','1')
insert into TBoleta values('37','15/07/2015','C0007','V0007','1')
insert into TBoleta values('38','15/07/2015','C0008','V0008','2')
insert into TBoleta values('39','15/07/2015','C0009','V0009','2')
insert into TBoleta values('40','15/07/2015','C0010','V0010','2')
go
SELECT * FROM TBoleta

--Tabla TProducto

insert into TProducto values('P0001','Caramelos','1kg','16.5','100','CA027')
insert into TProducto values('P0002','Caramelos','1kg','16.5','100','CA027')
insert into TProducto values('P0003','Caramelos','1kg','16.5','100','CA027')
insert into TProducto values('P0004','Caramelos','1kg','16.5','100','CA027')
insert into TProducto values('P0005','Caramelos','1kg','16.5','100','CA027')
insert into TProducto values('P0006','Caramelos','1kg','16.5','100','CA027')
insert into TProducto values('P0007','Caramelos','1kg','16.5','100','CA027')
insert into TProducto values('P0008','Caramelos','1kg','16.5','100','CA027')
insert into TProducto values('P0009','Caramelos','1kg','16.5','100','CA027')
insert into TProducto values('P0010','Caramelos','1kg','16.5','100','CA027')
insert into TProducto values('P0011','Caramelos','1kg','16.5','100','CA027')
insert into TProducto values('P0012','Caramelos','1kg','16.5','100','CA027')
insert into TProducto values('P0013','Caramelos','1kg','16.5','100','CA027')
insert into TProducto values('P0014','Caramelos','1kg','16.5','100','CA027')
insert into TProducto values('P0015','Caramelos','1kg','16.5','100','CA027')
insert into TProducto values('P0016','Caramelos','1kg','16.5','100','CA027')
insert into TProducto values('P0017','Caramelos','1kg','16.5','100','CA027')
insert into TProducto values('P0018','Caramelos','1kg','16.5','100','CA027')
insert into TProducto values('P0019','Caramelos','1kg','16.5','100','CA027')
insert into TProducto values('P0020','Caramelos','1kg','16.5','100','CA027')
insert into TProducto values('P0021','Caramelos','1kg','16.5','100','CA027')
insert into TProducto values('P0022','Caramelos','1kg','16.5','100','CA027')
insert into TProducto values('P0023','Caramelos','1kg','16.5','100','CA027')
insert into TProducto values('P0024','Caramelos','1kg','16.5','100','CA027')
insert into TProducto values('P0025','Caramelos','1kg','16.5','100','CA027')
insert into TProducto values('P0026','Caramelos','1kg','16.5','100','CA027')
insert into TProducto values('P0027','Caramelos','1kg','16.5','100','CA027')
insert into TProducto values('P0028','Caramelos','1kg','16.5','100','CA027')
insert into TProducto values('P0029','Caramelos','1kg','16.5','100','CA027')
insert into TProducto values('P0030','Caramelos','1kg','16.5','100','CA027')
insert into TProducto values('P0031','Caramelos','1kg','16.5','100','CA027')
insert into TProducto values('P0032','Caramelos','1kg','16.5','100','CA027')
insert into TProducto values('P0033','Caramelos','1kg','16.5','100','CA027')
insert into TProducto values('P0034','Caramelos','1kg','16.5','100','CA027')
insert into TProducto values('P0035','Caramelos','1kg','16.5','100','CA027')
insert into TProducto values('P0036','Caramelos','1kg','16.5','100','CA027')
insert into TProducto values('P0037','Caramelos','1kg','16.5','100','CA027')
insert into TProducto values('P0038','Caramelos','1kg','16.5','100','CA027')
insert into TProducto values('P0039','Caramelos','1kg','16.5','100','CA027')
insert into TProducto values('P0040','Caramelos','1kg','16.5','100','CA027')

go

SELECT * FROM TProducto

--Tabla TDetalle

insert into TDetalle values('1','P0001','1','16.5')
insert into TDetalle values('2','P0002','1','16.5')
insert into TDetalle values('3','P0003','1','16.5')
insert into TDetalle values('4','P0004','1','16.5')
insert into TDetalle values('5','P0005','1','16.5')
insert into TDetalle values('6','P0006','1','16.5')
insert into TDetalle values('7','P0007','1','16.5')
insert into TDetalle values('8','P0008','1','16.5')
insert into TDetalle values('9','P0009','1','16.5')
insert into TDetalle values('10','P0010','1','16.5')
insert into TDetalle values('11','P0011','1','16.5')
insert into TDetalle values('12','P0012','1','16.5')
insert into TDetalle values('13','P0013','1','16.5')
insert into TDetalle values('14','P0014','1','16.5')
insert into TDetalle values('15','P0015','1','16.5')
insert into TDetalle values('16','P0016','1','16.5')
insert into TDetalle values('17','P0017','1','16.5')
insert into TDetalle values('18','P0018','1','16.5')
insert into TDetalle values('19','P0019','1','16.5')
insert into TDetalle values('20','P0020','1','16.5')
insert into TDetalle values('21','P0021','1','16.5')
insert into TDetalle values('22','P0022','1','16.5')
insert into TDetalle values('23','P0026','1','16.5')
insert into TDetalle values('24','P0024','1','16.5')
insert into TDetalle values('25','P0025','1','16.5')
insert into TDetalle values('26','P0026','1','16.5')
insert into TDetalle values('27','P0027','1','16.5')
insert into TDetalle values('28','P0028','1','16.5')
insert into TDetalle values('29','P0029','1','16.5')
insert into TDetalle values('30','P0030','1','16.5')
insert into TDetalle values('31','P0031','1','16.5')
insert into TDetalle values('32','P0032','1','16.5')
insert into TDetalle values('33','P0033','1','16.5')
insert into TDetalle values('34','P0034','1','16.5')
insert into TDetalle values('35','P0035','1','16.5')
insert into TDetalle values('36','P0036','1','16.5')
insert into TDetalle values('37','P0037','1','16.5')
insert into TDetalle values('38','P0038','1','16.5')
insert into TDetalle values('39','P0039','1','16.5')
insert into TDetalle values('40','P0040','1','16.5')
go
SELECT * FROM TDetalle



